id_producto,2,5,9
00000000000000002/9 - 29-Cartera Total,0.0,0.0006079027355623101,0.0
0000000000000000942 - 49-Tarjeta de Crédito,0.0,0.0006079027355623101,0.0
0000000000000002922 - 29-Cartera Total,0.0031847133757961785,0.0,0.0
0000000000000002972 - 29-Cartera Total,0.0031847133757961785,0.0,0.0
0000000000000004072 - 29-Cartera Total,0.0,0.0006079027355623101,0.0
0000000000000004092 - 29-Cartera Total,0.0,0.0006079027355623101,0.0
0000000000000004999 - 29-Cartera Total,0.0,0.0006079027355623101,0.0
0000000000000009491 - 29-Cartera Total,0.0,0.0006079027355623101,0.0
0000000000000017019 - 29-Cartera Total,0.0,0.0006079027355623101,0.0
000000000000002-249 - 29-Cartera Total,0.0,0.0006079027355623101,0.0
0000000000000022419 - 29-Cartera Total,0.0,0.0006079027355623101,0.0
0000000000000024079 - 49-Tarjeta de Crédito,0.0,0.0006079027355623101,0.0
0000000000000040292 - 29-Cartera Total,0.0,0.0006079027355623101,0.0
0000000000000040729 - 29-Cartera Total,0.0,0.0006079027355623101,0.0
0000000000000040744 - 29-Cartera Total,0.0,0.0006079027355623101,0.0
0000000000000040799 - 29-Cartera Total,0.0,0.0006079027355623101,0.0
0000000000000040927 - 29-Cartera Total,0.0,0.0006079027355623101,0.0
0000000000000040929 - 29-Cartera Total,0.0,0.0006079027355623101,0.0
0000000000000040949 - 29-Cartera Total,0.0,0.0006079027355623101,0.0
0000000000000042277 - 29-Cartera Total,0.0,0.0,0.011235955056179775
0000000000000074277 - 29-Cartera Total,0.0,0.0006079027355623101,0.0
0000000000000077797 - 29-Cartera Total,0.0031847133757961785,0.0,0.0
0000000000000079227 - 29-Cartera Total,0.0,0.0006079027355623101,0.0
0000000000000090092 - 49-Tarjeta de Crédito,0.0,0.0006079027355623101,0.0
0000000000000091221 - 29-Cartera Total,0.0,0.0006079027355623101,0.0
0000000000000094271 - 29-Cartera Total,0.0031847133757961785,0.0,0.0
0000000000000097109 - 29-Cartera Total,0.0,0.0006079027355623101,0.0
0000000000000099774 - 29-Cartera Total,0.0,0.0006079027355623101,0.0
0000000000000194724 - 29-Cartera Total,0.0,0.0006079027355623101,0.0
0000000000000197297 - 29-Cartera Total,0.0,0.0006079027355623101,0.0
0000000000000207772 - 29-Cartera Total,0.0,0.0006079027355623101,0.0
0000000000000227029 - 29-Cartera Total,0.0,0.0006079027355623101,0.0
0000000000000229414 - 29-Cartera Total,0.0,0.0006079027355623101,0.0
0000000000000247927 - 29-Cartera Total,0.0,0.0006079027355623101,0.0
0000000000000272294 - 29-Cartera Total,0.0,0.0006079027355623101,0.0
0000000000000272797 - 29-Cartera Total,0.0,0.0006079027355623101,0.0
0000000000000292209 - 29-Cartera Total,0.0,0.0006079027355623101,0.0
0000000000000297092 - 49-Tarjeta de Crédito,0.0,0.0006079027355623101,0.0
0000000000000299921 - 29-Cartera Total,0.0,0.0006079027355623101,0.0
0000000000000407212 - 29-Cartera Total,0.0031847133757961785,0.0,0.0
0000000000000407227 - 29-Cartera Total,0.0031847133757961785,0.0,0.0
0000000000000441941 - 29-Cartera Total,0.0,0.0006079027355623101,0.0
0000000000000472114 - 49-Tarjeta de Crédito,0.0,0.0006079027355623101,0.0
0000000000000497222 - 49-Tarjeta de Crédito,0.0,0.0,0.011235955056179775
0000000000000497429 - 49-Tarjeta de Crédito,0.0,0.0,0.011235955056179775
0000000000000702127 - 29-Cartera Total,0.0,0.0006079027355623101,0.0
0000000000000704022 - 49-Tarjeta de Crédito,0.0,0.0006079027355623101,0.0
0000000000000714497 - 29-Cartera Total,0.0031847133757961785,0.0,0.0
0000000000000729727 - 29-Cartera Total,0.0,0.0006079027355623101,0.0
0000000000000742274 - 29-Cartera Total,0.0031847133757961785,0.0,0.0
0000000000000770279 - 29-Cartera Total,0.0,0.0006079027355623101,0.0
0000000000000772249 - 29-Cartera Total,0.0031847133757961785,0.0,0.0
0000000000000774499 - 29-Cartera Total,0.0,0.0006079027355623101,0.0
0000000000000791172 - 29-Cartera Total,0.0,0.0006079027355623101,0.0
0000000000000791997 - 29-Cartera Total,0.0031847133757961785,0.0,0.0
0000000000000792147 - 49-Tarjeta de Crédito,0.0,0.0006079027355623101,0.0
0000000000000792172 - 49-Tarjeta de Crédito,0.0,0.0006079027355623101,0.0
0000000000000794797 - 29-Cartera Total,0.0031847133757961785,0.0,0.0
0000000000000794979 - 29-Cartera Total,0.0031847133757961785,0.0,0.0
0000000000000797474 - 29-Cartera Total,0.0031847133757961785,0.0,0.0
0000000000000911241 - 57-Sufi,0.0,0.0006079027355623101,0.0
0000000000000921729 - 29-Cartera Total,0.0,0.0006079027355623101,0.0
0000000000000929242 - 49-Tarjeta de Crédito,0.0,0.0006079027355623101,0.0
0000000000000941129 - 29-Cartera Total,0.0031847133757961785,0.0,0.0
0000000000000941497 - 29-Cartera Total,0.0,0.0006079027355623101,0.0
0000000000000944721 - 29-Cartera Total,0.0031847133757961785,0.0,0.0
0000000000000949112 - 49-Tarjeta de Crédito,0.0,0.0006079027355623101,0.0
0000000000000949272 - 29-Cartera Total,0.0031847133757961785,0.0,0.0
0000000000000949424 - 49-Tarjeta de Crédito,0.0031847133757961785,0.0,0.0
0000000000000974424 - 29-Cartera Total,0.0,0.0006079027355623101,0.0
0000000000000974442 - 29-Cartera Total,0.0,0.0006079027355623101,0.0
0000000000000977092 - 29-Cartera Total,0.0031847133757961785,0.0,0.0
0000000000000979297 - 49-Tarjeta de Crédito,0.0,0.0006079027355623101,0.0
0000000000000991997 - 29-Cartera Total,0.0031847133757961785,0.0,0.0
0000000000000992217 - 29-Cartera Total,0.0,0.0006079027355623101,0.0
0000000000000992424 - 49-Tarjeta de Crédito,0.0,0.0006079027355623101,0.0
0000000000000992901 - 29-Cartera Total,0.0,0.0006079027355623101,0.0
0000000000000992977 - 29-Cartera Total,0.0,0.0006079027355623101,0.0
0000000000000994407 - 29-Cartera Total,0.0031847133757961785,0.0,0.0
0000000000000994972 - 29-Cartera Total,0.0,0.0006079027355623101,0.0
0000000000000999294 - 29-Cartera Total,0.0,0.0006079027355623101,0.0
0000000000001201244 - 29-Cartera Total,0.0,0.0006079027355623101,0.0
0000000000001222422 - 29-Cartera Total,0.0,0.0006079027355623101,0.0
0000000000001227127 - 29-Cartera Total,0.0,0.0006079027355623101,0.0
0000000000001241174 - 29-Cartera Total,0.0031847133757961785,0.0,0.0
0000000000001279449 - 29-Cartera Total,0.0031847133757961785,0.0,0.0
0000000000001497472 - 29-Cartera Total,0.0,0.0006079027355623101,0.0
0000000000002017799 - 49-Tarjeta de Crédito,0.0,0.0006079027355623101,0.0
0000000000002072772 - 49-Tarjeta de Crédito,0.0,0.0006079027355623101,0.0
0000000000002107277 - 29-Cartera Total,0.0,0.0006079027355623101,0.0
0000000000002144929 - 49-Tarjeta de Crédito,0.0031847133757961785,0.0,0.0
0000000000002200202 - 49-Tarjeta de Crédito,0.0,0.0006079027355623101,0.0
0000000000002212441 - 29-Cartera Total,0.0,0.0006079027355623101,0.0
0000000000002249797 - 49-Tarjeta de Crédito,0.0,0.0006079027355623101,0.0
0000000000002427177 - 49-Tarjeta de Crédito,0.0,0.0006079027355623101,0.0
0000000000002479274 - 49-Tarjeta de Crédito,0.0,0.0,0.011235955056179775
0000000000002497749 - 29-Cartera Total,0.0031847133757961785,0.0,0.0
0000000000002712441 - 49-Tarjeta de Crédito,0.0,0.0006079027355623101,0.0
0000000000002720422 - 49-Tarjeta de Crédito,0.0,0.0006079027355623101,0.0
0000000000002742994 - 29-Cartera Total,0.0,0.0006079027355623101,0.0
0000000000002794912 - 29-Cartera Total,0.0,0.0006079027355623101,0.0
0000000000002900972 - 29-Cartera Total,0.0031847133757961785,0.0,0.0
0000000000002920224 - 49-Tarjeta de Crédito,0.0031847133757961785,0.0,0.0
0000000000002924009 - 49-Tarjeta de Crédito,0.0031847133757961785,0.0,0.0
0000000000002927794 - 29-Cartera Total,0.0031847133757961785,0.0,0.0
0000000000004022429 - 29-Cartera Total,0.0,0.0006079027355623101,0.0
0000000000004070042 - 49-Tarjeta de Crédito,0.0031847133757961785,0.0,0.0
0000000000004249797 - 49-Tarjeta de Crédito,0.0,0.0006079027355623101,0.0
0000000000004424411 - 49-Tarjeta de Crédito,0.0,0.0006079027355623101,0.0
0000000000004441009 - 29-Cartera Total,0.0031847133757961785,0.0,0.0
0000000000004444229 - 49-Tarjeta de Crédito,0.0,0.0006079027355623101,0.0
0000000000004474927 - 49-Tarjeta de Crédito,0.0,0.0006079027355623101,0.0
0000000000004497999 - 29-Cartera Total,0.0,0.0006079027355623101,0.0
0000000000004720197 - 49-Tarjeta de Crédito,0.0,0.0006079027355623101,0.0
0000000000004797747 - 29-Cartera Total,0.0,0.0006079027355623101,0.0
0000000000004907479 - 49-Tarjeta de Crédito,0.0,0.0006079027355623101,0.0
0000000000007092722 - 29-Cartera Total,0.0,0.0,0.011235955056179775
0000000000007299942 - 29-Cartera Total,0.0,0.0006079027355623101,0.0
0000000000007749774 - 29-Cartera Total,0.0031847133757961785,0.0,0.0
0000000000007770004 - 29-Cartera Total,0.0,0.0006079027355623101,0.0
0000000000007917794 - 29-Cartera Total,0.0031847133757961785,0.0,0.0
0000000000009042712 - 49-Tarjeta de Crédito,0.0,0.0006079027355623101,0.0
0000000000009042924 - 49-Tarjeta de Crédito,0.0,0.0006079027355623101,0.0
0000000000009204277 - 49-Tarjeta de Crédito,0.0031847133757961785,0.0,0.0
0000000000009207927 - 29-Cartera Total,0.0031847133757961785,0.0,0.0
0000000000009209291 - 29-Cartera Total,0.0,0.0006079027355623101,0.0
0000000000009417022 - 29-Cartera Total,0.0,0.0006079027355623101,0.0
0000000000009417979 - 29-Cartera Total,0.0,0.0006079027355623101,0.0
0000000000009494974 - 29-Cartera Total,0.0,0.0006079027355623101,0.0
0000000000009707201 - 49-Tarjeta de Crédito,0.0,0.0006079027355623101,0.0
0000000000009712427 - 49-Tarjeta de Crédito,0.0,0.0,0.011235955056179775
0000000000009907204 - 49-Tarjeta de Crédito,0.0,0.0006079027355623101,0.0
000000000000994419M - 29-Cartera Total,0.0,0.0006079027355623101,0.0
0000000000009972422 - 49-Tarjeta de Crédito,0.0,0.0006079027355623101,0.0
0000000000009977947 - 29-Cartera Total,0.0031847133757961785,0.0,0.0
000000000000P002429 - 29-Cartera Total,0.0031847133757961785,0.0,0.0
0000000000010091999 - 29-Cartera Total,0.0,0.0006079027355623101,0.0
0000000000010449797 - 49-Tarjeta de Crédito,0.0,0.0006079027355623101,0.0
0000000000010747097 - 49-Tarjeta de Crédito,0.0031847133757961785,0.0,0.0
0000000000012271777 - 29-Cartera Total,0.0,0.0006079027355623101,0.0
0000000000012272977 - 49-Tarjeta de Crédito,0.0,0.0006079027355623101,0.0
0000000000012470077 - 29-Cartera Total,0.0,0.0006079027355623101,0.0
0000000000012707419 - 29-Cartera Total,0.0,0.0006079027355623101,0.0
0000000000012791494 - 49-Tarjeta de Crédito,0.0,0.0006079027355623101,0.0
0000000000012799409 - 29-Cartera Total,0.0,0.0006079027355623101,0.0
0000000000012921124 - 29-Cartera Total,0.0,0.0006079027355623101,0.0
0000000000012924497 - 29-Cartera Total,0.0,0.0006079027355623101,0.0
0000000000012994472 - 29-Cartera Total,0.0,0.0006079027355623101,0.0
0000000000017794729 - 49-Tarjeta de Crédito,0.0,0.0006079027355623101,0.0
0000000000020024917 - 29-Cartera Total,0.0031847133757961785,0.0,0.0
0000000000020097499 - 29-Cartera Total,0.0,0.0006079027355623101,0.0
0000000000020479791 - 29-Cartera Total,0.0,0.0006079027355623101,0.0
0000000000020947429 - 49-Tarjeta de Crédito,0.0,0.0006079027355623101,0.0
0000000000022149271 - 29-Cartera Total,0.0,0.0006079027355623101,0.0
0000000000022197109 - 29-Cartera Total,0.0031847133757961785,0.0,0.0
0000000000022771194 - 29-Cartera Total,0.0,0.0006079027355623101,0.0
0000000000022924409 - 29-Cartera Total,0.0,0.0006079027355623101,0.0
0000000000022944272 - 29-Cartera Total,0.0,0.0006079027355623101,0.0
0000000000024972222 - 49-Tarjeta de Crédito,0.0,0.0006079027355623101,0.0
0000000000027947747 - 49-Tarjeta de Crédito,0.0,0.0006079027355623101,0.0
0000000000029002747 - 29-Cartera Total,0.0031847133757961785,0.0,0.0
00000000000291074KF - 29-Cartera Total,0.0,0.0006079027355623101,0.0
00000000000291077KF - 29-Cartera Total,0.0,0.0006079027355623101,0.0
00000000000294494KF - 29-Cartera Total,0.0,0.0006079027355623101,0.0
00000000000297929KF - 29-Cartera Total,0.0,0.0006079027355623101,0.0
0000000000029904222 - 49-Tarjeta de Crédito,0.0,0.0006079027355623101,0.0
0000000000029910994 - 29-Cartera Total,0.0031847133757961785,0.0,0.0
0000000000040000044 - 29-Cartera Total,0.0,0.0006079027355623101,0.0
0000000000040242992 - 29-Cartera Total,0.0,0.0012158054711246201,0.0
0000000000041021244 - 49-Tarjeta de Crédito,0.0,0.0006079027355623101,0.0
0000000000041121772 - 49-Tarjeta de Crédito,0.0,0.0,0.011235955056179775
0000000000041402712 - 29-Cartera Total,0.0031847133757961785,0.0,0.0
0000000000042017227 - 29-Cartera Total,0.0,0.0006079027355623101,0.0
0000000000042192474 - 29-Cartera Total,0.0,0.0006079027355623101,0.0
0000000000042472299 - 29-Cartera Total,0.0031847133757961785,0.0,0.0
0000000000044000242 - 29-Cartera Total,0.0031847133757961785,0.0,0.0
0000000000044000249 - 29-Cartera Total,0.0031847133757961785,0.0,0.0
0000000000044000449 - 29-Cartera Total,0.0031847133757961785,0.0,0.0
0000000000044229009 - 29-Cartera Total,0.0,0.0006079027355623101,0.0
0000000000044229209 - 29-Cartera Total,0.0,0.0006079027355623101,0.0
0000000000047291949 - 49-Tarjeta de Crédito,0.0,0.0006079027355623101,0.0
0000000000070004497 - 29-Cartera Total,0.0031847133757961785,0.0,0.0
0000000000070024942 - 57-Sufi,0.0,0.0006079027355623101,0.0
0000000000070092242 - 19-Hipotecario,0.0,0.0006079027355623101,0.0
0000000000070094294 - 29-Cartera Total,0.0031847133757961785,0.0,0.0
00000000000702/22/A - 29-Cartera Total,0.0,0.0006079027355623101,0.0
0000000000070297449 - 29-Cartera Total,0.0,0.0006079027355623101,0.0
0000000000070974947 - 29-Cartera Total,0.0,0.0006079027355623101,0.0
0000000000071274219 - 49-Tarjeta de Crédito,0.0,0.0006079027355623101,0.0
0000000000071411009 - 29-Cartera Total,0.0,0.0006079027355623101,0.0
0000000000072109002 - 29-Cartera Total,0.0,0.0006079027355623101,0.0
0000000000072192994 - 29-Cartera Total,0.0,0.0006079027355623101,0.0
0000000000072214472 - 29-Cartera Total,0.0,0.0006079027355623101,0.0
0000000000072400999 - 29-Cartera Total,0.0,0.0006079027355623101,0.0
0000000000072424294 - 29-Cartera Total,0.0031847133757961785,0.0,0.0
0000000000072700974 - 29-Cartera Total,0.0,0.0006079027355623101,0.0
0000000000072992119 - 49-Tarjeta de Crédito,0.0,0.0006079027355623101,0.0
0000000000074000214 - 29-Cartera Total,0.0031847133757961785,0.0,0.0
0000000000074797479 - 49-Tarjeta de Crédito,0.0,0.0006079027355623101,0.0
0000000000074944009 - 29-Cartera Total,0.0,0.0006079027355623101,0.0
0000000000074972009 - 29-Cartera Total,0.0,0.0006079027355623101,0.0
0000000000077017204 - 29-Cartera Total,0.0031847133757961785,0.0,0.0
0000000000077049247 - 29-Cartera Total,0.0,0.0006079027355623101,0.0
0000000000077244009 - 29-Cartera Total,0.0,0.0006079027355623101,0.0
0000000000077797774 - 49-Tarjeta de Crédito,0.0,0.0,0.011235955056179775
0000000000090002424 - 49-Tarjeta de Crédito,0.0,0.0006079027355623101,0.0
0000000000090007072 - 29-Cartera Total,0.0,0.0006079027355623101,0.0
0000000000090214727 - 49-Tarjeta de Crédito,0.0,0.0006079027355623101,0.0
0000000000090242477 - 19-Hipotecario,0.0,0.0006079027355623101,0.0
0000000000090249749 - 29-Cartera Total,0.0,0.0006079027355623101,0.0
0000000000090291712 - 29-Cartera Total,0.0,0.0006079027355623101,0.0
0000000000090904991 - 29-Cartera Total,0.0,0.0006079027355623101,0.0
0000000000090971449 - 29-Cartera Total,0.0,0.0006079027355623101,0.0
0000000000091449409 - 49-Tarjeta de Crédito,0.0,0.0006079027355623101,0.0
0000000000091477292 - 49-Tarjeta de Crédito,0.0,0.0006079027355623101,0.0
00000000000919994TC - 49-Tarjeta de Crédito,0.0,0.0,0.011235955056179775
0000000000092209747 - 29-Cartera Total,0.0,0.0006079027355623101,0.0
0000000000092490709 - 29-Cartera Total,0.0,0.0006079027355623101,0.0
0000000000092492417 - 29-Cartera Total,0.0031847133757961785,0.0,0.0
0000000000092920272 - 29-Cartera Total,0.0,0.0006079027355623101,0.0
0000000000092929272 - 29-Cartera Total,0.0,0.0006079027355623101,0.0
0000000000092949144 - 49-Tarjeta de Crédito,0.0,0.0,0.011235955056179775
0000000000092994974 - 49-Tarjeta de Crédito,0.0,0.0,0.011235955056179775
0000000000094147941 - 49-Tarjeta de Crédito,0.0,0.0006079027355623101,0.0
0000000000094719224 - 29-Cartera Total,0.0,0.0006079027355623101,0.0
0000000000094779971 - 29-Cartera Total,0.0,0.0006079027355623101,0.0
0000000000097099997 - 49-Tarjeta de Crédito,0.0031847133757961785,0.0,0.0
0000000000097199144 - 19-Hipotecario,0.0,0.0006079027355623101,0.0
0000000000097222224 - 29-Cartera Total,0.0,0.0006079027355623101,0.0
0000000000097492172 - 29-Cartera Total,0.0031847133757961785,0.0,0.0
0000000000099777447 - 29-Cartera Total,0.0,0.0006079027355623101,0.0
0000000000100010421 - 29-Cartera Total,0.0,0.0006079027355623101,0.0
0000000000100021119 - 29-Cartera Total,0.0,0.0006079027355623101,0.0
0000000000100021242 - 29-Cartera Total,0.0,0.0006079027355623101,0.0
0000000000100021249 - 29-Cartera Total,0.0,0.0006079027355623101,0.0
0000000000100021992 - 29-Cartera Total,0.0,0.0006079027355623101,0.0
0000000000100022497 - 29-Cartera Total,0.0,0.0006079027355623101,0.0
0000000000100072949 - 29-Cartera Total,0.0,0.0006079027355623101,0.0
0000000000100072997 - 29-Cartera Total,0.0,0.0,0.011235955056179775
0000000000100090021 - 29-Cartera Total,0.0,0.0006079027355623101,0.0
0000000000100094492 - 29-Cartera Total,0.0,0.0006079027355623101,0.0
0000000000100097299 - 29-Cartera Total,0.0031847133757961785,0.0,0.0
0000000000100099247 - 29-Cartera Total,0.0,0.0006079027355623101,0.0
0000000000100202191 - 29-Cartera Total,0.0,0.0006079027355623101,0.0
0000000000100204777 - 29-Cartera Total,0.0031847133757961785,0.0,0.0
0000000000100224097 - 29-Cartera Total,0.0,0.0006079027355623101,0.0
0000000000100227709 - 29-Cartera Total,0.0,0.0006079027355623101,0.0
0000000000100249442 - 29-Cartera Total,0.0,0.0006079027355623101,0.0
0000000000100291901 - 29-Cartera Total,0.0031847133757961785,0.0,0.0
0000000000100292774 - 29-Cartera Total,0.0,0.0006079027355623101,0.0
0000000000100494774 - 29-Cartera Total,0.0,0.0006079027355623101,0.0
0000000000100727917 - 29-Cartera Total,0.0,0.0006079027355623101,0.0
0000000000100900722 - 29-Cartera Total,0.0,0.0006079027355623101,0.0
0000000000100902792 - 29-Cartera Total,0.0,0.0006079027355623101,0.0
0000000000100911292 - 29-Cartera Total,0.0031847133757961785,0.0,0.0
0000000000100914909 - 29-Cartera Total,0.0,0.0006079027355623101,0.0
0000000000100914994 - 29-Cartera Total,0.0,0.0006079027355623101,0.0
0000000000100921707 - 29-Cartera Total,0.0,0.0006079027355623101,0.0
0000000000100929112 - 29-Cartera Total,0.0,0.0006079027355623101,0.0
0000000000100940992 - 29-Cartera Total,0.0,0.0006079027355623101,0.0
0000000000100942479 - 29-Cartera Total,0.0,0.0006079027355623101,0.0
0000000000100942719 - 29-Cartera Total,0.0,0.0006079027355623101,0.0
0000000000100942924 - 29-Cartera Total,0.0,0.0006079027355623101,0.0
0000000000100944107 - 29-Cartera Total,0.0,0.0006079027355623101,0.0
0000000000100947974 - 29-Cartera Total,0.0,0.0006079027355623101,0.0
0000000000100949447 - 29-Cartera Total,0.0,0.0,0.011235955056179775
0000000000100949927 - 29-Cartera Total,0.0,0.0006079027355623101,0.0
0000000000100949944 - 29-Cartera Total,0.0,0.0006079027355623101,0.0
0000000000100972744 - 29-Cartera Total,0.0,0.0006079027355623101,0.0
0000000000100972922 - 29-Cartera Total,0.0,0.0006079027355623101,0.0
0000000000100974221 - 29-Cartera Total,0.0,0.0006079027355623101,0.0
0000000000100974947 - 29-Cartera Total,0.0031847133757961785,0.0,0.0
0000000000100977022 - 29-Cartera Total,0.0,0.0006079027355623101,0.0
0000000000100977421 - 29-Cartera Total,0.0,0.0006079027355623101,0.0
0000000000100990424 - 29-Cartera Total,0.0,0.0006079027355623101,0.0
0000000000100990742 - 29-Cartera Total,0.0,0.0006079027355623101,0.0
0000000000100992109 - 29-Cartera Total,0.0,0.0006079027355623101,0.0
0000000000100992147 - 29-Cartera Total,0.0031847133757961785,0.0,0.0
0000000000100992179 - 29-Cartera Total,0.0031847133757961785,0.0,0.0
0000000000100992999 - 29-Cartera Total,0.0,0.0006079027355623101,0.0
0000000000102741444 - 29-Cartera Total,0.0,0.0006079027355623101,0.0
00000000001029974AH - 29-Cartera Total,0.0,0.0006079027355623101,0.0
0000000000119999772 - 29-Cartera Total,0.0031847133757961785,0.0,0.0
0000000000120072924 - 29-Cartera Total,0.0031847133757961785,0.0,0.0
0000000000120912009 - 29-Cartera Total,0.0,0.0,0.011235955056179775
0000000000120912019 - 29-Cartera Total,0.0,0.0,0.011235955056179775
0000000000120979797 - 29-Cartera Total,0.0,0.0,0.011235955056179775
0000000000121047917 - 29-Cartera Total,0.0,0.0006079027355623101,0.0
0000000000121212247 - 29-Cartera Total,0.0031847133757961785,0.0,0.0
0000000000121212442 - 29-Cartera Total,0.0,0.0006079027355623101,0.0
0000000000121279079 - 29-Cartera Total,0.0,0.0006079027355623101,0.0
0000000000121424492 - 29-Cartera Total,0.0031847133757961785,0.0,0.0
0000000000121747117 - 29-Cartera Total,0.0,0.0006079027355623101,0.0
0000000000121907971 - 29-Cartera Total,0.0,0.0006079027355623101,0.0
0000000000121947122 - 29-Cartera Total,0.0,0.0006079027355623101,0.0
0000000000121994274 - 29-Cartera Total,0.0,0.0006079027355623101,0.0
0000000000122227949 - 29-Cartera Total,0.0031847133757961785,0.0,0.0
0000000000122702922 - 29-Cartera Total,0.0031847133757961785,0.0,0.0
0000000000122979929 - 29-Cartera Total,0.0,0.0006079027355623101,0.0
0000000000124024494 - 29-Cartera Total,0.0,0.0006079027355623101,0.0
0000000000124047477 - 29-Cartera Total,0.0,0.0006079027355623101,0.0
0000000000124124279 - 29-Cartera Total,0.0,0.0006079027355623101,0.0
0000000000124209797 - 29-Cartera Total,0.0,0.0006079027355623101,0.0
0000000000124271994 - 29-Cartera Total,0.0,0.0006079027355623101,0.0
0000000000124279942 - 29-Cartera Total,0.0031847133757961785,0.0,0.0
0000000000124297407 - 19-Hipotecario,0.0,0.0006079027355623101,0.0
0000000000124419027 - 29-Cartera Total,0.0,0.0006079027355623101,0.0
0000000000124749729 - 29-Cartera Total,0.0031847133757961785,0.0,0.0
0000000000124910042 - 29-Cartera Total,0.0031847133757961785,0.0,0.0
0000000000124922007 - 29-Cartera Total,0.0,0.0006079027355623101,0.0
0000000000124972004 - 29-Cartera Total,0.0,0.0006079027355623101,0.0
0000000000124994904 - 29-Cartera Total,0.0,0.0006079027355623101,0.0
0000000000127041992 - 29-Cartera Total,0.0031847133757961785,0.0,0.0
0000000000127047701 - 29-Cartera Total,0.0031847133757961785,0.0,0.0
0000000000127200279 - 29-Cartera Total,0.0,0.0006079027355623101,0.0
0000000000127227944 - 29-Cartera Total,0.0,0.0006079027355623101,0.0
0000000000127424492 - 29-Cartera Total,0.0,0.0006079027355623101,0.0
0000000000127774077 - 29-Cartera Total,0.0,0.0006079027355623101,0.0
0000000000127904772 - 29-Cartera Total,0.0,0.0006079027355623101,0.0
0000000000127942421 - 29-Cartera Total,0.0,0.0006079027355623101,0.0
0000000000127994729 - 29-Cartera Total,0.0,0.0006079027355623101,0.0
0000000000127999922 - 29-Cartera Total,0.0,0.0006079027355623101,0.0
0000000000129004027 - 29-Cartera Total,0.0031847133757961785,0.0,0.0
0000000000129007427 - 29-Cartera Total,0.0031847133757961785,0.0,0.0
0000000000129020227 - 29-Cartera Total,0.0031847133757961785,0.0,0.0
0000000000129029294 - 29-Cartera Total,0.0,0.0006079027355623101,0.0
0000000000129072077 - 29-Cartera Total,0.0,0.0006079027355623101,0.0
0000000000129074941 - 29-Cartera Total,0.0031847133757961785,0.0,0.0
0000000000129091977 - 29-Cartera Total,0.0,0.0006079027355623101,0.0
0000000000129097012 - 29-Cartera Total,0.0,0.0006079027355623101,0.0
0000000000129124049 - 29-Cartera Total,0.0,0.0006079027355623101,0.0
0000000000129741224 - 29-Cartera Total,0.0,0.0006079027355623101,0.0
0000000000129992211 - 29-Cartera Total,0.0,0.0006079027355623101,0.0
0000000000140000949 - 29-Cartera Total,0.0,0.0006079027355623101,0.0
0000000000142297477 - 49-Tarjeta de Crédito,0.0031847133757961785,0.0,0.0
0000000000170041219 - 29-Cartera Total,0.0,0.0006079027355623101,0.0
0000000000170077091 - 29-Cartera Total,0.0,0.0006079027355623101,0.0
0000000000190292402 - 29-Cartera Total,0.0,0.0006079027355623101,0.0
0000000000200001114 - 29-Cartera Total,0.0,0.0006079027355623101,0.0
0000000000200004029 - 29-Cartera Total,0.0031847133757961785,0.0,0.0
0000000000200004219 - 29-Cartera Total,0.0031847133757961785,0.0,0.0
0000000000200004229 - 29-Cartera Total,0.0031847133757961785,0.0,0.0
0000000000200004929 - 29-Cartera Total,0.0031847133757961785,0.0,0.0
0000000000200007119 - 29-Cartera Total,0.0031847133757961785,0.0,0.0
0000000000200007429 - 29-Cartera Total,0.0031847133757961785,0.0,0.0
0000000000200007799 - 29-Cartera Total,0.0031847133757961785,0.0,0.0
0000000000200009799 - 29-Cartera Total,0.0031847133757961785,0.0,0.0
0000000000200017924 - 29-Cartera Total,0.0031847133757961785,0.0,0.0
0000000000200021991 - 22-Leasing Cartera Total,0.10191082802547771,0.01641337386018237,0.0
0000000000200024402 - 49-Tarjeta de Crédito,0.0,0.0006079027355623101,0.0
0000000000200029712 - 29-Cartera Total,0.0,0.0006079027355623101,0.0
0000000000200029929 - 29-Cartera Total,0.0,0.0006079027355623101,0.0
0000000000200044042 - 49-Tarjeta de Crédito,0.0,0.0006079027355623101,0.0
0000000000200092014 - 29-Cartera Total,0.0,0.0006079027355623101,0.0
0000000000200094444 - 29-Cartera Total,0.0031847133757961785,0.0,0.0
0000000000200094472 - 49-Tarjeta de Crédito,0.0031847133757961785,0.0,0.0
0000000000200094779 - 29-Cartera Total,0.0,0.0006079027355623101,0.0
0000000000200174749 - 29-Cartera Total,0.0,0.0006079027355623101,0.0
0000000000200202492 - 29-Cartera Total,0.0,0.0006079027355623101,0.0
0000000000200217492 - 29-Cartera Total,0.0031847133757961785,0.0,0.0
0000000000200229299 - 29-Cartera Total,0.0,0.0006079027355623101,0.0
0000000000200242441 - 29-Cartera Total,0.0,0.0006079027355623101,0.0
0000000000200244494 - 29-Cartera Total,0.0,0.0006079027355623101,0.0
0000000000200249094 - 29-Cartera Total,0.0,0.0006079027355623101,0.0
0000000000200272207 - 57-Sufi,0.0,0.0006079027355623101,0.0
0000000000200279977 - 29-Cartera Total,0.0031847133757961785,0.0,0.0
0000000000200291991 - 29-Cartera Total,0.0031847133757961785,0.0,0.0
0000000000200297299 - 29-Cartera Total,0.0031847133757961785,0.0,0.0
0000000000200404229 - 29-Cartera Total,0.0,0.0006079027355623101,0.0
0000000000200404274 - 29-Cartera Total,0.0,0.0006079027355623101,0.0
0000000000200422717 - 29-Cartera Total,0.0,0.0006079027355623101,0.0
0000000000200427174 - 29-Cartera Total,0.0,0.0006079027355623101,0.0
0000000000200497214 - 29-Cartera Total,0.0,0.0006079027355623101,0.0
0000000000200712124 - 29-Cartera Total,0.0,0.0006079027355623101,0.0
0000000000200712292 - 29-Cartera Total,0.0,0.0006079027355623101,0.0
0000000000200741291 - 29-Cartera Total,0.0,0.0006079027355623101,0.0
0000000000200772924 - 29-Cartera Total,0.0,0.0006079027355623101,0.0
0000000000200927472 - 29-Cartera Total,0.0,0.0006079027355623101,0.0
0000000000200970247 - 29-Cartera Total,0.0,0.0006079027355623101,0.0
0000000000200979422 - 29-Cartera Total,0.0,0.0,0.011235955056179775
0000000000200990027 - 29-Cartera Total,0.0031847133757961785,0.0,0.0
0000000000200994422 - 29-Cartera Total,0.0,0.0006079027355623101,0.0
0000000000200994704 - 29-Cartera Total,0.0,0.0,0.011235955056179775
0000000000200994994 - 29-Cartera Total,0.0,0.0,0.011235955056179775
0000000000201799214 - 49-Tarjeta de Crédito,0.0,0.0006079027355623101,0.0
0000000000202999227 - 29-Cartera Total,0.0031847133757961785,0.0,0.0
0000000000204400022 - 29-Cartera Total,0.0031847133757961785,0.0,0.0
0000000000204400044 - 29-Cartera Total,0.0031847133757961785,0.0,0.0
0000000000209991492 - 29-Cartera Total,0.0031847133757961785,0.0,0.0
0000000000210000421 - 29-Cartera Total,0.0,0.0006079027355623101,0.0
0000000000210042022 - 29-Cartera Total,0.0,0.0006079027355623101,0.0
0000000000214947409 - 49-Tarjeta de Crédito,0.0,0.0,0.011235955056179775
0000000000219992749 - 29-Cartera Total,0.0,0.0006079027355623101,0.0
0000000000220004441 - 29-Cartera Total,0.0,0.0006079027355623101,0.0
0000000000220004997 - 29-Cartera Total,0.0,0.0006079027355623101,0.0
0000000000220017047 - 29-Cartera Total,0.0,0.0006079027355623101,0.0
0000000000220072272 - 29-Cartera Total,0.0,0.0006079027355623101,0.0
0000000000220077712 - 29-Cartera Total,0.0,0.0006079027355623101,0.0
0000000000220097929 - 29-Cartera Total,0.0031847133757961785,0.0,0.0
0000000000220099147 - 29-Cartera Total,0.0,0.0006079027355623101,0.0
0000000000220274401 - 29-Cartera Total,0.0,0.0006079027355623101,0.0
0000000000221010079 - 29-Cartera Total,0.0,0.0006079027355623101,0.0
0000000000221042202 - 29-Cartera Total,0.0,0.0006079027355623101,0.0
0000000000221174044 - 29-Cartera Total,0.0031847133757961785,0.0,0.0
0000000000221179122 - 29-Cartera Total,0.0,0.0006079027355623101,0.0
0000000000221217107 - 29-Cartera Total,0.0,0.0006079027355623101,0.0
0000000000221272414 - 29-Cartera Total,0.0031847133757961785,0.0,0.0
0000000000221404272 - 29-Cartera Total,0.0,0.0006079027355623101,0.0
0000000000221474991 - 29-Cartera Total,0.0031847133757961785,0.0,0.0
0000000000221490174 - 29-Cartera Total,0.0,0.0006079027355623101,0.0
0000000000221724429 - 29-Cartera Total,0.0031847133757961785,0.0,0.0
0000000000221942479 - 29-Cartera Total,0.0031847133757961785,0.0,0.0
0000000000222122909 - 29-Cartera Total,0.0031847133757961785,0.0,0.0
0000000000222147072 - 29-Cartera Total,0.0031847133757961785,0.0,0.0
0000000000222202071 - 29-Cartera Total,0.0,0.0006079027355623101,0.0
0000000000222222701 - 29-Cartera Total,0.0031847133757961785,0.0,0.0
0000000000222247097 - 29-Cartera Total,0.0031847133757961785,0.0,0.0
0000000000222402717 - 29-Cartera Total,0.0,0.0006079027355623101,0.0
0000000000222440242 - 29-Cartera Total,0.0,0.0006079027355623101,0.0
0000000000222441012 - 29-Cartera Total,0.0031847133757961785,0.0,0.0
0000000000222927927 - 29-Cartera Total,0.0,0.0006079027355623101,0.0
00000000002229424KV - 29-Cartera Total,0.0,0.0006079027355623101,0.0
0000000000224227294 - 29-Cartera Total,0.0,0.0006079027355623101,0.0
0000000000224492749 - 29-Cartera Total,0.0,0.0006079027355623101,0.0
0000000000224714207 - 29-Cartera Total,0.0,0.0006079027355623101,0.0
0000000000224724972 - 29-Cartera Total,0.0031847133757961785,0.0,0.0
0000000000224724997 - 29-Cartera Total,0.0,0.0006079027355623101,0.0
0000000000224744402 - 29-Cartera Total,0.0,0.0006079027355623101,0.0
0000000000224914279 - 29-Cartera Total,0.0,0.0006079027355623101,0.0
0000000000224947924 - 29-Cartera Total,0.0,0.0006079027355623101,0.0
0000000000227007491 - 29-Cartera Total,0.0,0.0006079027355623101,0.0
0000000000227041947 - 29-Cartera Total,0.0,0.0006079027355623101,0.0
0000000000227142272 - 29-Cartera Total,0.0,0.0006079027355623101,0.0
0000000000227229121 - 29-Cartera Total,0.0,0.0006079027355623101,0.0
0000000000227274702 - 29-Cartera Total,0.0,0.0006079027355623101,0.0
0000000000227294192 - 49-Tarjeta de Crédito,0.0,0.0006079027355623101,0.0
0000000000227421247 - 29-Cartera Total,0.0,0.0006079027355623101,0.0
0000000000227490447 - 29-Cartera Total,0.0031847133757961785,0.0,0.0
0000000000227712122 - 29-Cartera Total,0.0,0.0006079027355623101,0.0
0000000000227914744 - 29-Cartera Total,0.0,0.0006079027355623101,0.0
0000000000227972799 - 29-Cartera Total,0.0,0.0006079027355623101,0.0
0000000000229094909 - 29-Cartera Total,0.0,0.0006079027355623101,0.0
0000000000229177294 - 49-Tarjeta de Crédito,0.0031847133757961785,0.0,0.0
0000000000229299497 - 29-Cartera Total,0.0,0.0006079027355623101,0.0
0000000000229421721 - 29-Cartera Total,0.0,0.0006079027355623101,0.0
0000000000240000914 - 29-Cartera Total,0.0,0.0006079027355623101,0.0
0000000000240472979 - 29-Cartera Total,0.0,0.0006079027355623101,0.0
00000000002447744TC - 49-Tarjeta de Crédito,0.0,0.0,0.011235955056179775
0000000000247002777 - 29-Cartera Total,0.0,0.0006079027355623101,0.0
0000000000249071279 - 29-Cartera Total,0.0,0.0006079027355623101,0.0
0000000000249429994 - 49-Tarjeta de Crédito,0.0,0.0006079027355623101,0.0
0000000000270001947 - 29-Cartera Total,0.0031847133757961785,0.0,0.0
0000000000270007122 - 29-Cartera Total,0.0,0.0006079027355623101,0.0
0000000000270012724 - 29-Cartera Total,0.0031847133757961785,0.0,0.0
0000000000270019922 - 29-Cartera Total,0.0031847133757961785,0.0,0.0
0000000000270022027 - 29-Cartera Total,0.0,0.0006079027355623101,0.0
0000000000270029422 - 29-Cartera Total,0.0,0.0006079027355623101,0.0
0000000000270029792 - 29-Cartera Total,0.0031847133757961785,0.0,0.0
0000000000270044792 - 49-Tarjeta de Crédito,0.0031847133757961785,0.0,0.0
0000000000270047744 - 29-Cartera Total,0.0031847133757961785,0.0,0.0
0000000000270091029 - 29-Cartera Total,0.0,0.0006079027355623101,0.0
0000000000270094292 - 29-Cartera Total,0.0031847133757961785,0.0,0.0
0000000000270097111 - 29-Cartera Total,0.0031847133757961785,0.0,0.0
0000000000270097444 - 29-Cartera Total,0.0031847133757961785,0.0,0.0
0000000000270097901 - 29-Cartera Total,0.0031847133757961785,0.0,0.0
0000000000270099449 - 29-Cartera Total,0.0031847133757961785,0.0,0.0
0000000000270474449 - 29-Cartera Total,0.0,0.0006079027355623101,0.0
0000000000279722727 - 49-Tarjeta de Crédito,0.0,0.0006079027355623101,0.0
0000000000279740199 - 49-Tarjeta de Crédito,0.0,0.0006079027355623101,0.0
0000000000290094724 - 29-Cartera Total,0.0031847133757961785,0.0,0.0
0000000000292299449 - 49-Tarjeta de Crédito,0.0,0.0006079027355623101,0.0
0000000000294442402 - 49-Tarjeta de Crédito,0.0,0.0006079027355623101,0.0
0000000000294472447 - 49-Tarjeta de Crédito,0.0,0.0,0.011235955056179775
0000000000294497241 - 49-Tarjeta de Crédito,0.0,0.0,0.011235955056179775
00000000002992420KK - 29-Cartera Total,0.0,0.0006079027355623101,0.0
0000000000400001927 - 29-Cartera Total,0.0,0.0006079027355623101,0.0
0000000000400009114 - 29-Cartera Total,0.0,0.0006079027355623101,0.0
0000000000400009127 - 29-Cartera Total,0.0,0.0006079027355623101,0.0
0000000000400009172 - 29-Cartera Total,0.0,0.0006079027355623101,0.0
0000000000400009179 - 29-Cartera Total,0.0,0.0006079027355623101,0.0
0000000000400009192 - 29-Cartera Total,0.0,0.0006079027355623101,0.0
0000000000400009194 - 29-Cartera Total,0.0,0.0006079027355623101,0.0
0000000000400077047 - 29-Cartera Total,0.0,0.0006079027355623101,0.0
0000000000400077207 - 29-Cartera Total,0.0,0.0006079027355623101,0.0
0000000000400090992 - 29-Cartera Total,0.0,0.0006079027355623101,0.0
0000000000400099072 - 29-Cartera Total,0.0,0.0006079027355623101,0.0
0000000000400099099 - 29-Cartera Total,0.0,0.0006079027355623101,0.0
0000000000400279212 - 29-Cartera Total,0.0,0.0006079027355623101,0.0
0000000000400944214 - 29-Cartera Total,0.0,0.0006079027355623101,0.0
0000000000400947992 - 29-Cartera Total,0.0,0.0006079027355623101,0.0
0000000000400979197 - 29-Cartera Total,0.0,0.0,0.011235955056179775
0000000000404149972 - 49-Tarjeta de Crédito,0.0031847133757961785,0.0,0.0
0000000000407712977 - 29-Cartera Total,0.0031847133757961785,0.0,0.0
0000000000410729974 - 49-Tarjeta de Crédito,0.0,0.0006079027355623101,0.0
0000000000412792729 - 29-Cartera Total,0.0,0.0006079027355623101,0.0
0000000000419991944 - 29-Cartera Total,0.0,0.0006079027355623101,0.0
0000000000420020141 - 29-Cartera Total,0.0,0.0006079027355623101,0.0
0000000000420027747 - 29-Cartera Total,0.0031847133757961785,0.0,0.0
0000000000420190724 - 49-Tarjeta de Crédito,0.0031847133757961785,0.0,0.0
0000000000421144149 - 29-Cartera Total,0.0031847133757961785,0.0,0.0
0000000000421199907 - 29-Cartera Total,0.0031847133757961785,0.0,0.0
0000000000421221212 - 29-Cartera Total,0.0,0.0006079027355623101,0.0
0000000000421221777 - 29-Cartera Total,0.0,0.0006079027355623101,0.0
0000000000422442972 - 29-Cartera Total,0.0,0.0006079027355623101,0.0
0000000000422491002 - 29-Cartera Total,0.0,0.0006079027355623101,0.0
0000000000422491009 - 29-Cartera Total,0.0,0.0006079027355623101,0.0
0000000000424029494 - 29-Cartera Total,0.0,0.0006079027355623101,0.0
0000000000427224992 - 29-Cartera Total,0.0,0.0006079027355623101,0.0
0000000000427427449 - 49-Tarjeta de Crédito,0.0,0.0,0.011235955056179775
0000000000427491119 - 29-Cartera Total,0.0,0.0006079027355623101,0.0
0000000000427901274 - 49-Tarjeta de Crédito,0.0,0.0006079027355623101,0.0
0000000000429092042 - 29-Cartera Total,0.0,0.0006079027355623101,0.0
0000000000429271924 - 29-Cartera Total,0.0031847133757961785,0.0,0.0
0000000000429477047 - 29-Cartera Total,0.0,0.0,0.011235955056179775
0000000000429479999 - 29-Cartera Total,0.0,0.0,0.011235955056179775
0000000000429779242 - 29-Cartera Total,0.0031847133757961785,0.0,0.0
0000000000442109709 - 49-Tarjeta de Crédito,0.0031847133757961785,0.0,0.0
0000000000444092991 - 49-Tarjeta de Crédito,0.0031847133757961785,0.0,0.0
0000000000444222474 - 49-Tarjeta de Crédito,0.0031847133757961785,0.0,0.0
0000000000444444749 - 49-Tarjeta de Crédito,0.0031847133757961785,0.0,0.0
0000000000470027297 - 29-Cartera Total,0.0,0.0006079027355623101,0.0
0000000000470029221 - 29-Cartera Total,0.0,0.0006079027355623101,0.0
0000000000470072974 - 29-Cartera Total,0.0031847133757961785,0.0,0.0
0000000000470097277 - 29-Cartera Total,0.0,0.0006079027355623101,0.0
0000000000470272747 - 49-Tarjeta de Crédito,0.0,0.0,0.011235955056179775
0000000000470922044 - 29-Cartera Total,0.0,0.0006079027355623101,0.0
0000000000470927704 - 29-Cartera Total,0.0,0.0006079027355623101,0.0
0000000000470929974 - 29-Cartera Total,0.0,0.0006079027355623101,0.0
0000000000472227227 - 29-Cartera Total,0.0,0.0006079027355623101,0.0
0000000000474141912 - 49-Tarjeta de Crédito,0.0,0.0006079027355623101,0.0
0000000000474410402 - 49-Tarjeta de Crédito,0.0,0.0006079027355623101,0.0
0000000000474494922 - 49-Tarjeta de Crédito,0.0031847133757961785,0.0,0.0
0000000000474947449 - 49-Tarjeta de Crédito,0.0031847133757961785,0.0,0.0
0000000000477092079 - 49-Tarjeta de Crédito,0.0031847133757961785,0.0,0.0
0000000000490002744 - 29-Cartera Total,0.0,0.0006079027355623101,0.0
0000000000490029947 - 29-Cartera Total,0.0,0.0006079027355623101,0.0
0000000000494491979 - 49-Tarjeta de Crédito,0.0031847133757961785,0.0,0.0
0000000000499224299 - 29-Cartera Total,0.0,0.0006079027355623101,0.0
0000000000499449477 - 29-Cartera Total,0.0,0.0,0.011235955056179775
0000000000700029924 - 29-Cartera Total,0.0,0.0006079027355623101,0.0
0000000000700074044 - 29-Cartera Total,0.0,0.0006079027355623101,0.0
0000000000700074709 - 29-Cartera Total,0.0,0.0006079027355623101,0.0
0000000000700077744 - 29-Cartera Total,0.0,0.0006079027355623101,0.0
0000000000700209174 - 29-Cartera Total,0.0031847133757961785,0.0,0.0
0000000000700271241 - 29-Cartera Total,0.0,0.0006079027355623101,0.0
0000000000700299794 - 29-Cartera Total,0.0,0.0006079027355623101,0.0
0000000000700474097 - 29-Cartera Total,0.0,0.0006079027355623101,0.0
0000000000700944427 - 29-Cartera Total,0.0,0.0006079027355623101,0.0
0000000000700949749 - 29-Cartera Total,0.0031847133757961785,0.0,0.0
0000000000700977727 - 29-Cartera Total,0.0,0.0006079027355623101,0.0
0000000000700977904 - 29-Cartera Total,0.0,0.0006079027355623101,0.0
0000000000700977912 - 29-Cartera Total,0.0031847133757961785,0.0,0.0
00000000007014212KK - 29-Cartera Total,0.0031847133757961785,0.0,0.0
0000000000704701422 - 29-Cartera Total,0.0,0.0006079027355623101,0.0
0000000000709174979 - 29-Cartera Total,0.0,0.0006079027355623101,0.0
00000000007092174KK - 29-Cartera Total,0.0031847133757961785,0.0,0.0
00000000007094242KK - 29-Cartera Total,0.0,0.0006079027355623101,0.0
00000000007099142KK - 29-Cartera Total,0.0031847133757961785,0.0,0.0
0000000000709944729 - 49-Tarjeta de Crédito,0.0,0.0006079027355623101,0.0
0000000000710009799 - 29-Cartera Total,0.0,0.0,0.011235955056179775
0000000000711974222 - 49-Tarjeta de Crédito,0.0,0.0006079027355623101,0.0
0000000000711990902 - 49-Tarjeta de Crédito,0.0,0.0006079027355623101,0.0
0000000000714922919 - 49-Tarjeta de Crédito,0.0,0.0006079027355623101,0.0
0000000000717722492 - 49-Tarjeta de Crédito,0.0,0.0006079027355623101,0.0
0000000000719701277 - 49-Tarjeta de Crédito,0.0,0.0006079027355623101,0.0
0000000000720449707 - 29-Cartera Total,0.0,0.0006079027355623101,0.0
0000000000720920792 - 29-Cartera Total,0.0031847133757961785,0.0,0.0
0000000000720942719 - 29-Cartera Total,0.0,0.0006079027355623101,0.0
0000000000720942929 - 29-Cartera Total,0.0,0.0006079027355623101,0.0
0000000000721042041 - 29-Cartera Total,0.0,0.0006079027355623101,0.0
0000000000721127019 - 29-Cartera Total,0.0031847133757961785,0.0,0.0
0000000000721294771 - 29-Cartera Total,0.0,0.0006079027355623101,0.0
0000000000721297227 - 29-Cartera Total,0.0031847133757961785,0.0,0.0
0000000000721422774 - 29-Cartera Total,0.0031847133757961785,0.0,0.0
0000000000721707479 - 29-Cartera Total,0.0031847133757961785,0.0,0.0
0000000000721992499 - 29-Cartera Total,0.0,0.0006079027355623101,0.0
0000000000722009971 - 29-Cartera Total,0.0,0.0006079027355623101,0.0
0000000000722012029 - 29-Cartera Total,0.0031847133757961785,0.0,0.0
0000000000722112174 - 29-Cartera Total,0.0031847133757961785,0.0,0.0
0000000000722204712 - 29-Cartera Total,0.0,0.0006079027355623101,0.0
0000000000722422492 - 29-Cartera Total,0.0,0.0006079027355623101,0.0
0000000000722442917 - 29-Cartera Total,0.0031847133757961785,0.0,0.0
0000000000722499229 - 29-Cartera Total,0.0,0.0006079027355623101,0.0
0000000000722777172 - 29-Cartera Total,0.0,0.0006079027355623101,0.0
0000000000722922924 - 29-Cartera Total,0.0031847133757961785,0.0,0.0
0000000000722990771 - 29-Cartera Total,0.0,0.0006079027355623101,0.0
0000000000724077279 - 29-Cartera Total,0.0,0.0006079027355623101,0.0
0000000000724109049 - 29-Cartera Total,0.0031847133757961785,0.0,0.0
0000000000724202474 - 29-Cartera Total,0.0,0.0006079027355623101,0.0
0000000000724472779 - 29-Cartera Total,0.0,0.0006079027355623101,0.0
0000000000724474774 - 29-Cartera Total,0.0,0.0006079027355623101,0.0
0000000000724490794 - 29-Cartera Total,0.0,0.0006079027355623101,0.0
0000000000724492109 - 29-Cartera Total,0.0031847133757961785,0.0,0.0
0000000000724492147 - 29-Cartera Total,0.0031847133757961785,0.0,0.0
0000000000724492447 - 29-Cartera Total,0.0031847133757961785,0.0,0.0
0000000000724492772 - 29-Cartera Total,0.0031847133757961785,0.0,0.0
0000000000724772797 - 29-Cartera Total,0.0,0.0006079027355623101,0.0
0000000000724792421 - 29-Cartera Total,0.0,0.0006079027355623101,0.0
0000000000724794247 - 29-Cartera Total,0.0,0.0006079027355623101,0.0
0000000000724904942 - 29-Cartera Total,0.0,0.0006079027355623101,0.0
0000000000724924471 - 29-Cartera Total,0.0,0.0006079027355623101,0.0
0000000000724940797 - 49-Tarjeta de Crédito,0.0031847133757961785,0.0,0.0
0000000000727024492 - 29-Cartera Total,0.0,0.0006079027355623101,0.0
0000000000727044174 - 29-Cartera Total,0.0,0.0006079027355623101,0.0
0000000000727074907 - 29-Cartera Total,0.0,0.0006079027355623101,0.0
0000000000727224747 - 29-Cartera Total,0.0031847133757961785,0.0,0.0
0000000000727707442 - 29-Cartera Total,0.0,0.0006079027355623101,0.0
0000000000727904127 - 29-Cartera Total,0.0031847133757961785,0.0,0.0
0000000000727991207 - 49-Tarjeta de Crédito,0.0,0.0006079027355623101,0.0
0000000000729909942 - 29-Cartera Total,0.0,0.0006079027355623101,0.0
0000000000742279279 - 29-Cartera Total,0.0031847133757961785,0.0,0.0
0000000000742279994 - 29-Cartera Total,0.0031847133757961785,0.0,0.0
0000000000749202921 - 29-Cartera Total,0.0,0.0006079027355623101,0.0
0000000000770002107 - 29-Cartera Total,0.0,0.0006079027355623101,0.0
0000000000770007492 - 29-Cartera Total,0.0,0.0006079027355623101,0.0
0000000000770007907 - 29-Cartera Total,0.0,0.0006079027355623101,0.0
0000000000770007922 - 29-Cartera Total,0.0,0.0006079027355623101,0.0
0000000000770007929 - 29-Cartera Total,0.0,0.0006079027355623101,0.0
0000000000770007941 - 29-Cartera Total,0.0,0.0006079027355623101,0.0
0000000000770007942 - 29-Cartera Total,0.0,0.0006079027355623101,0.0
0000000000770007974 - 29-Cartera Total,0.0,0.0006079027355623101,0.0
0000000000770007977 - 29-Cartera Total,0.0,0.0006079027355623101,0.0
0000000000770007994 - 29-Cartera Total,0.0,0.0006079027355623101,0.0
0000000000770007999 - 29-Cartera Total,0.0,0.0006079027355623101,0.0
0000000000770022494 - 29-Cartera Total,0.0,0.0006079027355623101,0.0
0000000000770029224 - 29-Cartera Total,0.0,0.0006079027355623101,0.0
0000000000770040909 - 29-Cartera Total,0.0031847133757961785,0.0,0.0
0000000000770042977 - 29-Cartera Total,0.0031847133757961785,0.0,0.0
0000000000770049224 - 29-Cartera Total,0.0031847133757961785,0.0,0.0
0000000000770071119 - 29-Cartera Total,0.0031847133757961785,0.0,0.0
0000000000770077944 - 29-Cartera Total,0.0,0.0006079027355623101,0.0
0000000000770091949 - 29-Cartera Total,0.0,0.0006079027355623101,0.0
0000000000772197417 - 49-Tarjeta de Crédito,0.0031847133757961785,0.0,0.0
0000000000772974949 - 49-Tarjeta de Crédito,0.0,0.0006079027355623101,0.0
0000000000777000791 - 29-Cartera Total,0.0,0.0006079027355623101,0.0
0000000000777479729 - 49-Tarjeta de Crédito,0.0,0.0006079027355623101,0.0
0000000000777994144 - 49-Tarjeta de Crédito,0.0,0.0,0.011235955056179775
0000000000779702279 - 49-Tarjeta de Crédito,0.0031847133757961785,0.0,0.0
0000000000790019717 - 29-Cartera Total,0.0,0.0,0.011235955056179775
0000000000790044249 - 29-Cartera Total,0.0,0.0,0.011235955056179775
0000000000791914417 - 29-Cartera Total,0.0,0.0006079027355623101,0.0
0000000000792094749 - 29-Cartera Total,0.0,0.0006079027355623101,0.0
0000000000797204272 - 29-Cartera Total,0.0031847133757961785,0.0,0.0
0000000000797490491 - 49-Tarjeta de Crédito,0.0,0.0006079027355623101,0.0
00000000007979770KK - 29-Cartera Total,0.0031847133757961785,0.0,0.0
0000000000900000074 - 29-Cartera Total,0.0,0.0006079027355623101,0.0
0000000000900007047 - 29-Cartera Total,0.0,0.0006079027355623101,0.0
0000000000900012714 - 29-Cartera Total,0.0,0.0,0.011235955056179775
0000000000900020799 - 29-Cartera Total,0.0031847133757961785,0.0,0.0
0000000000900021209 - 29-Cartera Total,0.0,0.0006079027355623101,0.0
0000000000900029444 - 29-Cartera Total,0.0031847133757961785,0.0,0.0
0000000000900029749 - 29-Cartera Total,0.0031847133757961785,0.0,0.0
0000000000900072704 - 29-Cartera Total,0.0031847133757961785,0.0,0.0
0000000000900092429 - 29-Cartera Total,0.0,0.0006079027355623101,0.0
0000000000900097079 - 29-Cartera Total,0.0,0.0006079027355623101,0.0
0000000000900272729 - 29-Cartera Total,0.0,0.0006079027355623101,0.0
0000000000900444709 - 29-Cartera Total,0.0,0.0006079027355623101,0.0
0000000000900774942 - 29-Cartera Total,0.0,0.0006079027355623101,0.0
0000000000900949091 - 29-Cartera Total,0.0,0.0,0.011235955056179775
0000000000900992711 - 29-Cartera Total,0.0,0.0006079027355623101,0.0
0000000000900992924 - 29-Cartera Total,0.0,0.0,0.011235955056179775
0000000000900994411 - 29-Cartera Total,0.0,0.0006079027355623101,0.0
0000000000900997241 - 29-Cartera Total,0.0,0.0006079027355623101,0.0
0000000000902779979 - 49-Tarjeta de Crédito,0.0,0.0006079027355623101,0.0
0000000000904140027 - 49-Tarjeta de Crédito,0.0031847133757961785,0.0,0.0
0000000000904179477 - 29-Cartera Total,0.0031847133757961785,0.0,0.0
00000000009071942AH - 29-Cartera Total,0.0,0.0006079027355623101,0.0
0000000000907409274 - 49-Tarjeta de Crédito,0.0,0.0,0.011235955056179775
0000000000909191491 - 29-Cartera Total,0.0031847133757961785,0.0,0.0
0000000000909191497 - 29-Cartera Total,0.0,0.0006079027355623101,0.0
0000000000909191902 - 29-Cartera Total,0.0,0.0006079027355623101,0.0
0000000000909424419 - 29-Cartera Total,0.0031847133757961785,0.0,0.0
0000000000909471094 - 29-Cartera Total,0.0031847133757961785,0.0,0.0
0000000000909472999 - 29-Cartera Total,0.0031847133757961785,0.0,0.0
0000000000909479494 - 29-Cartera Total,0.0031847133757961785,0.0,0.0
0000000000910000712 - 29-Cartera Total,0.0,0.0006079027355623101,0.0
0000000000910020217 - 29-Cartera Total,0.0,0.0006079027355623101,0.0
0000000000910020222 - 29-Cartera Total,0.0,0.0006079027355623101,0.0
0000000000910021744 - 29-Cartera Total,0.0,0.0006079027355623101,0.0
0000000000910097719 - 29-Cartera Total,0.0,0.0006079027355623101,0.0
0000000000917791729 - 49-Tarjeta de Crédito,0.0,0.0006079027355623101,0.0
0000000000919992729 - 29-Cartera Total,0.0031847133757961785,0.0,0.0
0000000000920090441 - 29-Cartera Total,0.0,0.0006079027355623101,0.0
0000000000921494272 - 29-Cartera Total,0.0,0.0006079027355623101,0.0
0000000000922179992 - 49-Tarjeta de Crédito,0.0,0.0006079027355623101,0.0
0000000000929009994 - 29-Cartera Total,0.0031847133757961785,0.0,0.0
0000000000940770772 - 49-Tarjeta de Crédito,0.0,0.0006079027355623101,0.0
0000000000941277247 - 49-Tarjeta de Crédito,0.0,0.0006079027355623101,0.0
0000000000944979994 - 49-Tarjeta de Crédito,0.0,0.0006079027355623101,0.0
0000000000947202071 - 49-Tarjeta de Crédito,0.0,0.0006079027355623101,0.0
0000000000970000242 - 29-Cartera Total,0.0,0.0006079027355623101,0.0
0000000000970000292 - 29-Cartera Total,0.0,0.0006079027355623101,0.0
0000000000970002214 - 29-Cartera Total,0.0,0.0006079027355623101,0.0
0000000000970002219 - 29-Cartera Total,0.0,0.0006079027355623101,0.0
0000000000970002474 - 29-Cartera Total,0.0,0.0006079027355623101,0.0
0000000000970009417 - 29-Cartera Total,0.0031847133757961785,0.0,0.0
0000000000970027912 - 29-Cartera Total,0.0,0.0006079027355623101,0.0
0000000000970049224 - 29-Cartera Total,0.0,0.0006079027355623101,0.0
0000000000970094149 - 29-Cartera Total,0.0031847133757961785,0.0,0.0
0000000000970094727 - 29-Cartera Total,0.0031847133757961785,0.0,0.0
0000000000970099442 - 29-Cartera Total,0.0,0.0006079027355623101,0.0
0000000000970900022 - 29-Cartera Total,0.0031847133757961785,0.0,0.0
0000000000974921001 - 49-Tarjeta de Crédito,0.0,0.0006079027355623101,0.0
0000000000992700474 - 49-Tarjeta de Crédito,0.0,0.0006079027355623101,0.0
0000000000997707902 - 29-Cartera Total,0.0,0.0006079027355623101,0.0
0000000000999094449 - 29-Cartera Total,0.0,0.0006079027355623101,0.0
0000000010990027792 - 29-Cartera Total,0.0,0.0,0.011235955056179775
0000000090000209422 - 29-Cartera Total,0.0,0.0006079027355623101,0.0
0000000090000212211 - 29-Cartera Total,0.0,0.0006079027355623101,0.0
0000000090000212729 - 29-Cartera Total,0.0,0.0006079027355623101,0.0
0000000090000214772 - 29-Cartera Total,0.0,0.0006079027355623101,0.0
0000000090000217194 - 29-Cartera Total,0.0,0.0006079027355623101,0.0
0000000090000222211 - 29-Cartera Total,0.0,0.0006079027355623101,0.0
0000000090000222792 - 29-Cartera Total,0.0,0.0006079027355623101,0.0
0000000090000222972 - 29-Cartera Total,0.0,0.0006079027355623101,0.0
0000000090000224449 - 29-Cartera Total,0.0,0.0006079027355623101,0.0
0000000090000224700 - 29-Cartera Total,0.0,0.0006079027355623101,0.0
0000000090000227424 - 29-Cartera Total,0.0031847133757961785,0.0,0.0
0000000090000227774 - 29-Cartera Total,0.0,0.0006079027355623101,0.0
0000000090000229149 - 29-Cartera Total,0.0,0.0006079027355623101,0.0
0000000090000229474 - 29-Cartera Total,0.0,0.0006079027355623101,0.0
0000000090000229947 - 29-Cartera Total,0.0,0.0006079027355623101,0.0
0000000090000240044 - 29-Cartera Total,0.0,0.0006079027355623101,0.0
0000000090000241929 - 29-Cartera Total,0.0,0.0006079027355623101,0.0
0000000090000242224 - 29-Cartera Total,0.0,0.0006079027355623101,0.0
0000000090000244090 - 29-Cartera Total,0.0,0.0006079027355623101,0.0
0000000090000244104 - 29-Cartera Total,0.0,0.0006079027355623101,0.0
0000000090000244447 - 29-Cartera Total,0.0031847133757961785,0.0,0.0
0000000090000244490 - 29-Cartera Total,0.0031847133757961785,0.0,0.0
0000000090000247207 - 29-Cartera Total,0.0,0.0006079027355623101,0.0
0000000090000249117 - 29-Cartera Total,0.0,0.0006079027355623101,0.0
0000000090000249292 - 29-Cartera Total,0.0,0.0006079027355623101,0.0
0000000090000270707 - 29-Cartera Total,0.0,0.0006079027355623101,0.0
0000000090000272192 - 29-Cartera Total,0.0,0.0006079027355623101,0.0
0000000090000272219 - 29-Cartera Total,0.0,0.0006079027355623101,0.0
0000000090000272242 - 29-Cartera Total,0.0,0.0006079027355623101,0.0
0000000090000272290 - 29-Cartera Total,0.0,0.0006079027355623101,0.0
0000000090000272409 - 29-Cartera Total,0.0,0.0006079027355623101,0.0
0000000090000272779 - 29-Cartera Total,0.0,0.0006079027355623101,0.0
0000000090000272791 - 29-Cartera Total,0.0,0.0006079027355623101,0.0
0000000090000272942 - 29-Cartera Total,0.0,0.0006079027355623101,0.0
0000000090000272944 - 29-Cartera Total,0.0,0.0006079027355623101,0.0
0000000090000272949 - 29-Cartera Total,0.0,0.0006079027355623101,0.0
0000000090000272974 - 29-Cartera Total,0.0,0.0006079027355623101,0.0
0000000090000274994 - 29-Cartera Total,0.0,0.0006079027355623101,0.0
0000000090000277077 - 29-Cartera Total,0.0,0.0006079027355623101,0.0
0000000090000279001 - 29-Cartera Total,0.0,0.0006079027355623101,0.0
0000000090000279004 - 29-Cartera Total,0.0,0.0006079027355623101,0.0
0000000090000279079 - 29-Cartera Total,0.0,0.0006079027355623101,0.0
0000000090000279994 - 29-Cartera Total,0.0,0.0006079027355623101,0.0
0000000090000290072 - 29-Cartera Total,0.0,0.0006079027355623101,0.0
0000000090000291997 - 29-Cartera Total,0.0,0.0006079027355623101,0.0
0000000090000292044 - 29-Cartera Total,0.0,0.0006079027355623101,0.0
0000000090000292120 - 29-Cartera Total,0.0,0.0006079027355623101,0.0
0000000090000292144 - 29-Cartera Total,0.0,0.0006079027355623101,0.0
0000000090000292470 - 29-Cartera Total,0.0,0.0006079027355623101,0.0
0000000090000292749 - 29-Cartera Total,0.0,0.0006079027355623101,0.0
0000000090000700421 - 29-Cartera Total,0.0,0.0006079027355623101,0.0
0000000090000700910 - 29-Cartera Total,0.0031847133757961785,0.0,0.0
0000000090000702094 - 29-Cartera Total,0.0,0.0006079027355623101,0.0
0000000090000702272 - 29-Cartera Total,0.0,0.0006079027355623101,0.0
0000000090000702929 - 29-Cartera Total,0.0,0.0006079027355623101,0.0
0000000090000704291 - 29-Cartera Total,0.0,0.0006079027355623101,0.0
0000000090000704772 - 29-Cartera Total,0.0031847133757961785,0.0,0.0
0000000090000797242 - 29-Cartera Total,0.0,0.0006079027355623101,0.0
0000000090000797429 - 29-Cartera Total,0.0,0.0006079027355623101,0.0
0000000090000797791 - 29-Cartera Total,0.0,0.0006079027355623101,0.0
0000000090000919210 - 29-Cartera Total,0.0,0.0006079027355623101,0.0
0000000090000920207 - 29-Cartera Total,0.0,0.0006079027355623101,0.0
0000000090000922771 - 29-Cartera Total,0.0,0.0006079027355623101,0.0
0000000090000929749 - 29-Cartera Total,0.0,0.0006079027355623101,0.0
0000000090000947212 - 29-Cartera Total,0.0031847133757961785,0.0,0.0
0000000090000949902 - 29-Cartera Total,0.0,0.0006079027355623101,0.0
0000000090000999224 - 29-Cartera Total,0.0031847133757961785,0.0,0.0
0000000200000022994 - 29-Cartera Total,0.0,0.0,0.011235955056179775
0000000200000024724 - 29-Cartera Total,0.0,0.0006079027355623101,0.0
0000000200000079229 - 29-Cartera Total,0.0,0.0,0.011235955056179775
0000000200000091797 - 29-Cartera Total,0.0,0.0,0.011235955056179775
0000000200000909974 - 29-Cartera Total,0.0,0.0,0.011235955056179775
AUD - cartera,0.028662420382165606,0.06200607902735562,0.033707865168539325
OEL - leasing,0.009554140127388535,0.009726443768996961,0.0
OEL - operacion_especifica,0.0,0.0006079027355623101,0.0
OPE - operacion_especifica,0.054140127388535034,0.13556231003039515,0.30337078651685395
RCP - cartera,0.044585987261146494,0.09300911854103343,0.02247191011235955
RDF - factoring,0.0031847133757961785,0.004863221884498481,0.0
RLP - cartera,0.08280254777070063,0.235258358662614,0.06741573033707865
RLT - cartera,0.0,0.00182370820668693,0.0
TDC - tarjeta,0.04777070063694268,0.11246200607902736,0.10112359550561797
